Model,Accuracy,F1_Score,Precision,Recall,AUC_ROC
PyCaret_KNeighborsClassifier,0.9206349206349206,0.2032967032967033,0.7025316455696202,0.11884368308351177,0.46920869958121547
